{"teste": [0.06068770849371311, 0.559828790245566, {"salario": {"salario": 0.6936905857099049, "local": 0.6093660765276985, "beneficios": 0.6773504273504274, "descricao": 0.901297236322617, "empresa": 0.7726075504828798}, "local": {"salario": 0.6938110749185668, "local": 0.4785644689834362, "beneficios": 0.6301369863013698, "descricao": 0.8954439252336449, "empresa": 0.7102539981185324}, "beneficios": {"salario": 0.6978851963746223, "local": 0.6382505559673832, "beneficios": 0.6645466405740378, "descricao": 0.8927285817134629, "empresa": 0.7289603960396039}, "descricao": {"salario": 0.47026125625347415, "local": 0.15966386554621848, "beneficios": 0.15884194053208137, "descricao": 0.5625669674775567, "empresa": 0.1261101243339254}, "empresa": {"salario": 0.48973880597014924, "local": 0.14463176574977818, "beneficios": 0.14170506912442396, "descricao": 0.660377358490566, "empresa": 0.5396595843748951}, "": {"salario": 1.0, "local": 0.9915824915824916, "beneficios": 0.9910112359550561, "descricao": 0.9994465965688988, "empresa": 1.0}}, {"salario": 0.6914290773862227, "local": 0.508170871559633, "beneficios": 0.6084664666288216, "descricao": 0.5650235417160764, "empresa": 0.5409216949814489}]}