{"teste": [0.06107261996407493, 0.559799435005312, {"salario": {"local": 0.6230425055928411, "beneficios": 0.698821796759941, "descricao": 0.8931870669745958, "empresa": 0.7478336221837089}, "local": {"salario": 0.7008928571428571, "beneficios": 0.6631892697466468, "descricao": 0.8905109489051095, "empresa": 0.6816059757236228}, "beneficios": {"salario": 0.7040971168437026, "local": 0.6222385861561119, "descricao": 0.8921348314606742, "empresa": 0.7497116493656286}, "descricao": {"salario": 0.49890350877192985, "local": 0.16796008869179602, "beneficios": 0.16403310759969902, "empresa": 0.12980769230769232}, "empresa": {"salario": 0.4756756756756757, "local": 0.14390467461044912, "beneficios": 0.15474794841735054, "descricao": 0.6795224977043158}, "": {"salario": 1.0, "local": 0.9931545921277809, "beneficios": 0.9901290812452543, "descricao": 1.0, "empresa": 1.0}}, {"salario": 0.6930228439879582, "local": 0.5036553899082569, "beneficios": 0.6157651447571162, "descricao": 0.5685139753424338, "empresa": 0.5336594415153291}]}