{"teste": [0.10700538876058506, 0.5518547827493618, {"salario": {"local": 0.9544521426738517, "beneficios": -1, "descricao": -1, "empresa": -1}, "local": {"salario": -1, "beneficios": 0.9903210195192773, "descricao": 0.9981191222570532, "empresa": -1}, "beneficios": {"salario": -1, "local": -1, "descricao": 0.9998386836586546, "empresa": -1}, "descricao": {"salario": -1, "local": -1, "beneficios": -1, "empresa": 0.13507334730424841}, "empresa": {"salario": -1, "local": -1, "beneficios": -1, "descricao": -1}, "": {"salario": 1.0, "local": -1, "beneficios": -1, "descricao": -1, "empresa": -1}}, {"salario": 0.9998819432146863, "local": 0.8720613532110092, "beneficios": 0.9766442299894574, "descricao": 0.6642156195689786, "empresa": 0.2775258738527631}]}