{"teste": [0.07775211701308699, 0.6857840066405301, {"salario": {"salario": 0.6736047224777676, "local": 0.5631174533479693, "beneficios": 0.6243798724309001, "descricao": 0.9491137793024585, "empresa": 0.8698884758364313}, "local": {"salario": 0.8043357420789328, "local": 0.40354011042546284, "beneficios": 0.5854383358098069, "descricao": 0.9438576987215119, "empresa": 0.6628318584070797}, "beneficios": {"salario": 0.824468085106383, "local": 0.6380368098159509, "beneficios": 0.7442922374429224, "descricao": 0.9432314410480349, "empresa": 0.7917705735660848}, "descricao": {"salario": 0.6650137741046832, "local": 0.09345271404588697, "beneficios": 0.10530421216848673, "descricao": 0.7182459075158323, "empresa": 0.07117750439367311}, "empresa": {"salario": 0.6262265834076717, "local": 0.10707635009310987, "beneficios": 0.09871794871794871, "descricao": 0.8217821782178217, "empresa": 0.6234396301871753}, "": {"salario": 1.0, "local": 0.9153292750415053, "beneficios": 0.9768115942028985, "descricao": 1.0, "empresa": 0.99909338168631}}, {"salario": 0.701168762174606, "local": 0.45004300458715596, "beneficios": 0.6319844294866597, "descricao": 0.7199274503019016, "empresa": 0.6238898652606912}]}