{"teste": [0.07153806847215124, 0.649515424401185, {"salario": {"local": 0.43953488372093025, "beneficios": 0.6454081632653061, "descricao": 0.9280742459396751, "empresa": 0.746938775510204}, "local": {"salario": 0.814498933901919, "beneficios": 0.4022038567493113, "descricao": 0.9285714285714286, "empresa": 0.5725190839694656}, "beneficios": {"salario": 0.8214285714285714, "local": 0.3389830508474576, "descricao": 0.9352331606217616, "empresa": 0.5652173913043478}, "descricao": {"salario": 0.7200956937799043, "local": 0.0853932584269663, "beneficios": 0.06788511749347259, "empresa": 0.0364963503649635}, "empresa": {"salario": 0.5984555984555985, "local": 0.11913357400722022, "beneficios": 0.08095238095238096, "descricao": 0.7958333333333333}, "": {"salario": 1.0, "local": 0.8691796008869179, "beneficios": 0.9566473988439307, "descricao": 1.0, "empresa": 0.9961685823754789}}, {"salario": 0.6665892732760622, "local": 0.36001190121987503, "beneficios": 0.49496743635287155, "descricao": 0.7467157496410473, "empresa": 0.47900249293111813}]}