{"teste": [0.058763413387838526, 0.5939691679359925, {"salario": {"local": 0.47357293868921774, "beneficios": 0.7235772357723578, "descricao": 0.8997722095671982, "empresa": 0.8054474708171206}, "local": {"salario": 0.7430555555555556, "beneficios": 0.6027027027027027, "descricao": 0.8867521367521367, "empresa": 0.7169811320754716}, "beneficios": {"salario": 0.7378378378378379, "local": 0.5710306406685237, "descricao": 0.9052924791086351, "empresa": 0.7389162561576355}, "descricao": {"salario": 0.5223880597014925, "local": 0.11989795918367346, "beneficios": 0.1455026455026455, "empresa": 0.1323529411764706}, "empresa": {"salario": 0.4826254826254826, "local": 0.14901960784313725, "beneficios": 0.18660287081339713, "descricao": 0.6563706563706564}, "": {"salario": 1.0, "local": 0.9665271966527197, "beneficios": 0.9945652173913043, "descricao": 1.0, "empresa": 0.996031746031746}}, {"salario": 0.7166241003018342, "local": 0.4843796489140137, "beneficios": 0.6287744227353463, "descricao": 0.6157706638278458, "empresa": 0.5464538473121517}]}