{"teste": [0.06081601231716705, 0.5593678505156217, {"salario": {"salario": 0.6864842072983748, "local": 0.5950226244343891, "beneficios": 0.6628787878787878, "descricao": 0.8958566629339306, "empresa": 0.7433862433862434}, "local": {"salario": 0.6903153153153153, "local": 0.4691458265670672, "beneficios": 0.6140221402214022, "descricao": 0.8874856486796785, "empresa": 0.6597472924187726}, "beneficios": {"salario": 0.690744920993228, "local": 0.625560538116592, "beneficios": 0.6710697977821265, "descricao": 0.8943506969919296, "empresa": 0.7509025270758123}, "descricao": {"salario": 0.49617903930131, "local": 0.14552661381653453, "beneficios": 0.13103953147877012, "descricao": 0.5674493495707226, "empresa": 0.13452914798206278}, "empresa": {"salario": 0.5166516651665166, "local": 0.13508771929824562, "beneficios": 0.13766233766233765, "descricao": 0.6749539594843462, "empresa": 0.529165376017804}, "": {"salario": 1.0, "local": 0.9781144781144782, "beneficios": 0.9812680115273775, "descricao": 1.0, "empresa": 1.0}}, {"salario": 0.6871495189185999, "local": 0.49684633027522934, "beneficios": 0.6057091882247992, "descricao": 0.56987185219457, "empresa": 0.530398359695372}]}