{"teste": [0.013796627491057742, 0.33742028354786335, {"salario": {"local": 0.9253960143076136, "beneficios": -1, "descricao": -1, "empresa": -1}, "local": {"salario": -1, "beneficios": 0.8931523022432113, "descricao": 0.9049429657794676, "empresa": -1}, "beneficios": {"salario": -1, "local": -1, "descricao": 0.9368358913813459, "empresa": -1}, "descricao": {"salario": -1, "local": -1, "beneficios": -1, "empresa": 0.20736589271417133}, "empresa": {"salario": -1, "local": -1, "beneficios": -1, "descricao": -1}, "": {"salario": 1.0, "local": -1, "beneficios": -1, "descricao": -1, "empresa": -1}}, {"salario": 0.9902484327838402, "local": 0.8253495983338293, "beneficios": 0.9011249259917111, "descricao": 0.3661765824115366, "empresa": 0.2069467449681273}]}