{"teste": [0.1313234542667348, 0.5631650011995827, {"salario": {"local": 0.9340827797649464, "beneficios": -1, "descricao": -1, "empresa": -1}, "local": {"salario": -1, "beneficios": 0.9728453364817001, "descricao": 0.9923954372623575, "empresa": -1}, "beneficios": {"salario": -1, "local": -1, "descricao": 0.9817001180637545, "empresa": -1}, "descricao": {"salario": -1, "local": -1, "beneficios": -1, "empresa": 0.13530824659727783}, "empresa": {"salario": -1, "local": -1, "beneficios": -1, "descricao": -1}, "": {"salario": 1.0, "local": -1, "beneficios": -1, "descricao": -1, "empresa": -1}}, {"salario": 0.9987230090550268, "local": 0.9384111871466825, "beneficios": 0.9674363528715216, "descricao": 0.6807534206747865, "empresa": 0.2898827151198782}]}