{"teste": [0.06543494996150885, 0.5690863087784035, {"salario": {"local": 0.6070414537194776, "beneficios": 0.695906432748538, "descricao": 0.8941041785918717, "empresa": 0.768624014022787}, "local": {"salario": 0.7075208913649025, "beneficios": 0.6432350718065004, "descricao": 0.8959025470653378, "empresa": 0.6884057971014492}, "beneficios": {"salario": 0.7231343283582089, "local": 0.6269662921348315, "descricao": 0.8916728076639646, "empresa": 0.772782503037667}, "descricao": {"salario": 0.4825136612021858, "local": 0.1433389544688027, "beneficios": 0.1578137028483449, "empresa": 0.13783533765032377}, "empresa": {"salario": 0.503957783641161, "local": 0.12829845313921748, "beneficios": 0.178743961352657, "descricao": 0.6869806094182825}, "": {"salario": 1.0, "local": 0.9945054945054945, "beneficios": 0.9884141926140478, "descricao": 1.0, "empresa": 1.0}}, {"salario": 0.696889203706983, "local": 0.5016485091743119, "beneficios": 0.6163328197226502, "descricao": 0.5779617656092658, "empresa": 0.5434993165397384}]}