{"teste": [0.06915576084167308, 0.5697421173372673, {"salario": {"salario": 0.6936905857099049, "local": 0.6099249855741489, "beneficios": 0.7029992684711046, "descricao": 0.8838745184369841, "empresa": 0.7677053824362606}, "local": {"salario": 0.6856659142212189, "local": 0.4777525170509906, "beneficios": 0.6264450867052023, "descricao": 0.8900343642611683, "empresa": 0.7309782608695652}, "beneficios": {"salario": 0.7038690476190477, "local": 0.6409295352323838, "beneficios": 0.6665035877364645, "descricao": 0.892675852066715, "empresa": 0.7738814993954051}, "descricao": {"salario": 0.49632975719932243, "local": 0.13516609392898052, "beneficios": 0.1334841628959276, "descricao": 0.5720388866797647, "empresa": 0.12075134168157424}, "empresa": {"salario": 0.49130434782608695, "local": 0.13581314878892733, "beneficios": 0.13059250302297462, "descricao": 0.6719330855018587, "empresa": 0.5519235436055172}, "": {"salario": 1.0, "local": 0.9775342465753425, "beneficios": 0.9891891891891892, "descricao": 0.9994369369369369, "empresa": 1.0}}, {"salario": 0.6923735316687326, "local": 0.5039420871559633, "beneficios": 0.6066823453085719, "descricao": 0.5744013483513023, "empresa": 0.5531712556141378}]}