{"teste": [0.0573518090839107, 0.5361609716459608, {"salario": {"salario": 0.6787411836859859, "local": 0.6166204986149585, "beneficios": 0.6518126888217523, "descricao": 0.8813465783664459, "empresa": 0.7634508348794063}, "local": {"salario": 0.7023203169213356, "local": 0.4663851899967522, "beneficios": 0.602919708029197, "descricao": 0.8836565096952909, "empresa": 0.6806187443130118}, "beneficios": {"salario": 0.6868840030326004, "local": 0.592619926199262, "beneficios": 0.6475864318330071, "descricao": 0.872084273890143, "empresa": 0.7301204819277108}, "descricao": {"salario": 0.462408140192199, "local": 0.14997137950772754, "beneficios": 0.13576642335766423, "descricao": 0.5461157393895113, "empresa": 0.12433392539964476}, "empresa": {"salario": 0.43416370106761565, "local": 0.14675446848541862, "beneficios": 0.15335868187579213, "descricao": 0.5852813852813853, "empresa": 0.5000937159046741}, "": {"salario": 1.0, "local": 0.9643640350877193, "beneficios": 0.9717682020802377, "descricao": 1.0, "empresa": 1.0}}, {"salario": 0.6780886606457707, "local": 0.4992115825688073, "beneficios": 0.5899764820371421, "descricao": 0.5485103206416722, "empresa": 0.5016715485256785}]}