{"teste": [0.06182933060807358, 0.556405492414732, {"salario": {"local": 0.4653679653679654, "beneficios": 0.6852367688022284, "descricao": 0.8818380743982495, "empresa": 0.8157894736842105}, "local": {"salario": 0.6993603411513859, "beneficios": 0.48360655737704916, "descricao": 0.8719101123595505, "empresa": 0.622568093385214}, "beneficios": {"salario": 0.7036144578313253, "local": 0.4219948849104859, "descricao": 0.8790560471976401, "empresa": 0.5851063829787234}, "descricao": {"salario": 0.5468354430379747, "local": 0.13258426966292136, "beneficios": 0.11140583554376658, "empresa": 0.07722007722007722}, "empresa": {"salario": 0.47580645161290325, "local": 0.12612612612612611, "beneficios": 0.14553990610328638, "descricao": 0.5704225352112676}, "": {"salario": 1.0, "local": 0.931350114416476, "beneficios": 0.9736147757255936, "descricao": 1.0, "empresa": 1.0}}, {"salario": 0.710123055491061, "local": 0.4186254091044332, "beneficios": 0.5435168738898757, "descricao": 0.5879221888740288, "empresa": 0.49062222891465473}]}