{"teste": [0.05978538579458355, 0.5932996334298579, {"salario": {"local": 0.4604966139954853, "beneficios": 0.7135135135135136, "descricao": 0.8928571428571429, "empresa": 0.7859922178988327}, "local": {"salario": 0.7247706422018348, "beneficios": 0.5977337110481586, "descricao": 0.9027484143763214, "empresa": 0.6762295081967213}, "beneficios": {"salario": 0.7729885057471264, "local": 0.5119363395225465, "descricao": 0.9158163265306123, "empresa": 0.6976744186046512}, "descricao": {"salario": 0.5301455301455301, "local": 0.13333333333333333, "beneficios": 0.14647887323943662, "empresa": 0.09774436090225563}, "empresa": {"salario": 0.5267489711934157, "local": 0.12550607287449392, "beneficios": 0.1050228310502283, "descricao": 0.6541666666666667}, "": {"salario": 1.0, "local": 0.9590909090909091, "beneficios": 0.9974811083123426, "descricao": 1.0, "empresa": 0.9962546816479401}}, {"salario": 0.7276526584629672, "local": 0.45403153823266884, "beneficios": 0.627886323268206, "descricao": 0.6205253905987914, "empresa": 0.5356372032324449}]}